post_id,comment_author
https://www.reddit.com/r/Music/comments/1p25o7s/purely_aigenerated_music_and_artists_need/,ZombiePartyBoyLives
https://www.reddit.com/r/pianoteachers/comments/1p24awh/gershwin_who_cares_piano_solo_sheet_music_noten/,pianoteachers-ModTeam
https://www.reddit.com/r/popheads/comments/1p2a3do/teatime_trending_topics_november_20_2025/,shabuluba
https://www.reddit.com/r/popheads/comments/1p2a3do/teatime_trending_topics_november_20_2025/,Hailsabrina
https://www.reddit.com/r/popheads/comments/1p2a3do/teatime_trending_topics_november_20_2025/,phandroo
https://www.reddit.com/r/popheads/comments/1p2a3do/teatime_trending_topics_november_20_2025/,Serious-View-er1761
https://www.reddit.com/r/popheads/comments/1p2a3do/teatime_trending_topics_november_20_2025/,ItsGotThatBang
https://www.reddit.com/r/popheads/comments/1p2a3do/teatime_trending_topics_november_20_2025/,Daydream_machine
https://www.reddit.com/r/popheads/comments/1p2a3do/teatime_trending_topics_november_20_2025/,poundtown1997
https://www.reddit.com/r/popheads/comments/1p2a3do/teatime_trending_topics_november_20_2025/,kexinnguyen
https://www.reddit.com/r/popheads/comments/1p2a3do/teatime_trending_topics_november_20_2025/,WisdomOtter
https://www.reddit.com/r/popheads/comments/1p2a3do/teatime_trending_topics_november_20_2025/,SwaggiiP
https://www.reddit.com/r/popheads/comments/1p2a3do/teatime_trending_topics_november_20_2025/,possible-source89
https://www.reddit.com/r/popheads/comments/1p2a3do/teatime_trending_topics_november_20_2025/,SwaggiiP
https://www.reddit.com/r/popheads/comments/1p2a3do/teatime_trending_topics_november_20_2025/,emayzee
https://www.reddit.com/r/popheads/comments/1p2a3do/teatime_trending_topics_november_20_2025/,backupsaway
https://www.reddit.com/r/popheads/comments/1p2a3do/teatime_trending_topics_november_20_2025/,cornbreadtogo
https://www.reddit.com/r/popheads/comments/1p2a3do/teatime_trending_topics_november_20_2025/,Electric-Sun88
https://www.reddit.com/r/popheads/comments/1p2a3do/teatime_trending_topics_november_20_2025/,CoolViber
https://www.reddit.com/r/popheads/comments/1p2a3do/teatime_trending_topics_november_20_2025/,Prestigious_Bend5448
https://www.reddit.com/r/popheads/comments/1p2a3do/teatime_trending_topics_november_20_2025/,jugheadshat
https://www.reddit.com/r/popheads/comments/1p2a3do/teatime_trending_topics_november_20_2025/,satirisanti
https://www.reddit.com/r/popheads/comments/1p2a3do/teatime_trending_topics_november_20_2025/,2l82bstr8
https://www.reddit.com/r/popheads/comments/1p2a3do/teatime_trending_topics_november_20_2025/,Fxreverboy
https://www.reddit.com/r/popheads/comments/1p2a3do/teatime_trending_topics_november_20_2025/,Frajer
https://www.reddit.com/r/popheads/comments/1p2a3do/teatime_trending_topics_november_20_2025/,SeraphAssassin13
https://www.reddit.com/r/popheads/comments/1p2a3do/teatime_trending_topics_november_20_2025/,mallorrae
https://www.reddit.com/r/popheads/comments/1p2a3do/teatime_trending_topics_november_20_2025/,poundtown1997
https://www.reddit.com/r/popheads/comments/1p2a3do/teatime_trending_topics_november_20_2025/,Frajer
https://www.reddit.com/r/popheads/comments/1p2a3do/teatime_trending_topics_november_20_2025/,toysoldier96
https://www.reddit.com/r/popheads/comments/1p2a3do/teatime_trending_topics_november_20_2025/,SiphenPrax
https://www.reddit.com/r/popheads/comments/1p2a3do/teatime_trending_topics_november_20_2025/,legendtinax
https://www.reddit.com/r/popheads/comments/1p2a3do/teatime_trending_topics_november_20_2025/,Electric-Sun88
https://www.reddit.com/r/popheads/comments/1p2a3do/teatime_trending_topics_november_20_2025/,No-Consideration09
https://www.reddit.com/r/popheads/comments/1p0zgom/billboard_seems_to_have_decided_to_exclude/,AutoModerator
https://www.reddit.com/r/popheads/comments/1p0zgom/billboard_seems_to_have_decided_to_exclude/,ChasesICantSend
https://www.reddit.com/r/popheads/comments/1p0zgom/billboard_seems_to_have_decided_to_exclude/,Adventurous-Draw-280
https://www.reddit.com/r/popheads/comments/1p0zgom/billboard_seems_to_have_decided_to_exclude/,wyhutsu
https://www.reddit.com/r/popheads/comments/1p0zgom/billboard_seems_to_have_decided_to_exclude/,cranberrylimeade420
https://www.reddit.com/r/popheads/comments/1p0zgom/billboard_seems_to_have_decided_to_exclude/,MunchYourButt
https://www.reddit.com/r/popheads/comments/1p0zgom/billboard_seems_to_have_decided_to_exclude/,glittermantis
https://www.reddit.com/r/popheads/comments/1p0zgom/billboard_seems_to_have_decided_to_exclude/,ifdestroyed
https://www.reddit.com/r/popheads/comments/1p0zgom/billboard_seems_to_have_decided_to_exclude/,glittermantis
https://www.reddit.com/r/popheads/comments/1p0zgom/billboard_seems_to_have_decided_to_exclude/,sleetx
https://www.reddit.com/r/popheads/comments/1p0zgom/billboard_seems_to_have_decided_to_exclude/,DatKaz
https://www.reddit.com/r/popheads/comments/1p0zgom/billboard_seems_to_have_decided_to_exclude/,CodaOfARequiem
https://www.reddit.com/r/popheads/comments/1p0zgom/billboard_seems_to_have_decided_to_exclude/,[deleted]
https://www.reddit.com/r/popheads/comments/1p0zgom/billboard_seems_to_have_decided_to_exclude/,JessieJ577
https://www.reddit.com/r/popheads/comments/1p0zgom/billboard_seems_to_have_decided_to_exclude/,[deleted]
https://www.reddit.com/r/popheads/comments/1p0zgom/billboard_seems_to_have_decided_to_exclude/,JessieJ577
https://www.reddit.com/r/popheads/comments/1p0zgom/billboard_seems_to_have_decided_to_exclude/,elongatedpauses
https://www.reddit.com/r/popheads/comments/1p0zgom/billboard_seems_to_have_decided_to_exclude/,Fxreverboy
https://www.reddit.com/r/popheads/comments/1p0zgom/billboard_seems_to_have_decided_to_exclude/,1-800-We-Gotz-Ass
https://www.reddit.com/r/popheads/comments/1p0zgom/billboard_seems_to_have_decided_to_exclude/,basicotter
https://www.reddit.com/r/popheads/comments/1p0zgom/billboard_seems_to_have_decided_to_exclude/,JessieJ577
https://www.reddit.com/r/popheads/comments/1p0zgom/billboard_seems_to_have_decided_to_exclude/,1-800-We-Gotz-Ass
https://www.reddit.com/r/popheads/comments/1p0zgom/billboard_seems_to_have_decided_to_exclude/,peanutbudder
https://www.reddit.com/r/popheads/comments/1p0zgom/billboard_seems_to_have_decided_to_exclude/,kielaurie
https://www.reddit.com/r/popheads/comments/1p0zgom/billboard_seems_to_have_decided_to_exclude/,istian19
https://www.reddit.com/r/popheads/comments/1p0zgom/billboard_seems_to_have_decided_to_exclude/,brutaldonahowdy
https://www.reddit.com/r/popheads/comments/1p0zgom/billboard_seems_to_have_decided_to_exclude/,sleetx
https://www.reddit.com/r/popheads/comments/1p0zgom/billboard_seems_to_have_decided_to_exclude/,cranberrylimeade420
https://www.reddit.com/r/popheads/comments/1p0zgom/billboard_seems_to_have_decided_to_exclude/,notaestheticbuttcute
https://www.reddit.com/r/popheads/comments/1p0zgom/billboard_seems_to_have_decided_to_exclude/,Able-Scene6741
https://www.reddit.com/r/popheads/comments/1p0zgom/billboard_seems_to_have_decided_to_exclude/,CodaOfARequiem
https://www.reddit.com/r/popheads/comments/1p0zgom/billboard_seems_to_have_decided_to_exclude/,Able-Scene6741
https://www.reddit.com/r/popheads/comments/1p0zgom/billboard_seems_to_have_decided_to_exclude/,lakeorjanzo
https://www.reddit.com/r/popheads/comments/1p0zgom/billboard_seems_to_have_decided_to_exclude/,Fxreverboy
https://www.reddit.com/r/popheads/comments/1p0zgom/billboard_seems_to_have_decided_to_exclude/,skellez
https://www.reddit.com/r/popheads/comments/1p0zgom/billboard_seems_to_have_decided_to_exclude/,brutaldonahowdy
https://www.reddit.com/r/popheads/comments/1p0zgom/billboard_seems_to_have_decided_to_exclude/,Grigorios
https://www.reddit.com/r/popheads/comments/1p0zgom/billboard_seems_to_have_decided_to_exclude/,wifey_material7
https://www.reddit.com/r/popheads/comments/1p0zgom/billboard_seems_to_have_decided_to_exclude/,Fxreverboy
https://www.reddit.com/r/popheads/comments/1p0zgom/billboard_seems_to_have_decided_to_exclude/,ContigoJackson
https://www.reddit.com/r/popheads/comments/1p0zgom/billboard_seems_to_have_decided_to_exclude/,sleetx
https://www.reddit.com/r/popheads/comments/1p0zgom/billboard_seems_to_have_decided_to_exclude/,Fickle_Music_788
https://www.reddit.com/r/popheads/comments/1p0zgom/billboard_seems_to_have_decided_to_exclude/,altruisticnarcissist
https://www.reddit.com/r/popheads/comments/1p0zgom/billboard_seems_to_have_decided_to_exclude/,BadMan125ty
https://www.reddit.com/r/popheads/comments/1p0zgom/billboard_seems_to_have_decided_to_exclude/,ifdestroyed
https://www.reddit.com/r/popheads/comments/1p0zgom/billboard_seems_to_have_decided_to_exclude/,WaterMagician
https://www.reddit.com/r/popheads/comments/1p0zgom/billboard_seems_to_have_decided_to_exclude/,blade_bird_outbound
https://www.reddit.com/r/popheads/comments/1p0zgom/billboard_seems_to_have_decided_to_exclude/,wouldyoucomewithme
https://www.reddit.com/r/popheads/comments/1p0zgom/billboard_seems_to_have_decided_to_exclude/,brettbretters
https://www.reddit.com/r/popheads/comments/1p0zgom/billboard_seems_to_have_decided_to_exclude/,GuitarzanWSC
https://www.reddit.com/r/popheads/comments/1p1eskq/teatime_trending_topics_november_19_2025/,[deleted]
https://www.reddit.com/r/popheads/comments/1p1eskq/teatime_trending_topics_november_19_2025/,[deleted]
https://www.reddit.com/r/popheads/comments/1p1eskq/teatime_trending_topics_november_19_2025/,Excellent-Gas-3912
https://www.reddit.com/r/popheads/comments/1p1eskq/teatime_trending_topics_november_19_2025/,Haunting_Natural_116
https://www.reddit.com/r/popheads/comments/1p1eskq/teatime_trending_topics_november_19_2025/,loneiver
https://www.reddit.com/r/popheads/comments/1p1eskq/teatime_trending_topics_november_19_2025/,ss2811
https://www.reddit.com/r/popheads/comments/1p1eskq/teatime_trending_topics_november_19_2025/,Artistic_Elephant824
https://www.reddit.com/r/popheads/comments/1p1eskq/teatime_trending_topics_november_19_2025/,chhrihanna
https://www.reddit.com/r/popheads/comments/1p1eskq/teatime_trending_topics_november_19_2025/,stypop
https://www.reddit.com/r/popheads/comments/1p1eskq/teatime_trending_topics_november_19_2025/,racloves
https://www.reddit.com/r/popheads/comments/1p1eskq/teatime_trending_topics_november_19_2025/,SiphenPrax
https://www.reddit.com/r/popheads/comments/1p1eskq/teatime_trending_topics_november_19_2025/,Hailsabrina
https://www.reddit.com/r/popheads/comments/1p1eskq/teatime_trending_topics_november_19_2025/,Excellent-Gas-3912
https://www.reddit.com/r/popheads/comments/1p1eskq/teatime_trending_topics_november_19_2025/,Weird_Squirrel_8382
https://www.reddit.com/r/popheads/comments/1p1eskq/teatime_trending_topics_november_19_2025/,backupsaway
https://www.reddit.com/r/popheads/comments/1p1eskq/teatime_trending_topics_november_19_2025/,Weird_Squirrel_8382
https://www.reddit.com/r/popheads/comments/1p1eskq/teatime_trending_topics_november_19_2025/,ItsGotThatBang
https://www.reddit.com/r/popheads/comments/1p1eskq/teatime_trending_topics_november_19_2025/,shabuluba
https://www.reddit.com/r/popheads/comments/1p1eskq/teatime_trending_topics_november_19_2025/,Unheroic_
https://www.reddit.com/r/popheads/comments/1p1eskq/teatime_trending_topics_november_19_2025/,Hailsabrina
https://www.reddit.com/r/popheads/comments/1p1eskq/teatime_trending_topics_november_19_2025/,heathersdevotee
https://www.reddit.com/r/popheads/comments/1p1eskq/teatime_trending_topics_november_19_2025/,Own_Place909
https://www.reddit.com/r/popheads/comments/1p1eskq/teatime_trending_topics_november_19_2025/,racloves
https://www.reddit.com/r/popheads/comments/1p1eskq/teatime_trending_topics_november_19_2025/,outsideeyess
https://www.reddit.com/r/popheads/comments/1p1eskq/teatime_trending_topics_november_19_2025/,heathersdevotee
https://www.reddit.com/r/popheads/comments/1p1eskq/teatime_trending_topics_november_19_2025/,Roxieloxie
https://www.reddit.com/r/popheads/comments/1p1eskq/teatime_trending_topics_november_19_2025/,ginganinja2507
https://www.reddit.com/r/popheads/comments/1p1eskq/teatime_trending_topics_november_19_2025/,droobidoobidoo
https://www.reddit.com/r/popheads/comments/1p1eskq/teatime_trending_topics_november_19_2025/,Soalai
https://www.reddit.com/r/popheads/comments/1p1eskq/teatime_trending_topics_november_19_2025/,lagozzino
https://www.reddit.com/r/popheads/comments/1p1eskq/teatime_trending_topics_november_19_2025/,ItsGotThatBang
https://www.reddit.com/r/popheads/comments/1p1eskq/teatime_trending_topics_november_19_2025/,Frajer
https://www.reddit.com/r/popheads/comments/1p1eskq/teatime_trending_topics_november_19_2025/,ConfusedNTerrified
https://www.reddit.com/r/popheads/comments/1p1eskq/teatime_trending_topics_november_19_2025/,SiphenPrax
https://www.reddit.com/r/popheads/comments/1p1eskq/teatime_trending_topics_november_19_2025/,visionaryredditor
https://www.reddit.com/r/popheads/comments/1p1eskq/teatime_trending_topics_november_19_2025/,Xelthian
https://www.reddit.com/r/popheads/comments/1p1eskq/teatime_trending_topics_november_19_2025/,PastaSupport
https://www.reddit.com/r/popheads/comments/1p0czh4/the_mixed_success_of_quintessentially_british/,AutoModerator
https://www.reddit.com/r/popheads/comments/1p0czh4/the_mixed_success_of_quintessentially_british/,chrisdotworld
https://www.reddit.com/r/popheads/comments/1p0czh4/the_mixed_success_of_quintessentially_british/,mrdibby
https://www.reddit.com/r/popheads/comments/1p0czh4/the_mixed_success_of_quintessentially_british/,chrisdotworld
https://www.reddit.com/r/popheads/comments/1p0czh4/the_mixed_success_of_quintessentially_british/,keep_trying_username
https://www.reddit.com/r/popheads/comments/1p0czh4/the_mixed_success_of_quintessentially_british/,gattigrat
https://www.reddit.com/r/popheads/comments/1p0czh4/the_mixed_success_of_quintessentially_british/,Commercial-Pear-543
https://www.reddit.com/r/popheads/comments/1p0czh4/the_mixed_success_of_quintessentially_british/,Pretty_in_Any_Color
https://www.reddit.com/r/popheads/comments/1p0czh4/the_mixed_success_of_quintessentially_british/,8mom
https://www.reddit.com/r/popheads/comments/1p0czh4/the_mixed_success_of_quintessentially_british/,WitchyKitteh
https://www.reddit.com/r/popheads/comments/1p0czh4/the_mixed_success_of_quintessentially_british/,CryCommon975
https://www.reddit.com/r/popheads/comments/1p0czh4/the_mixed_success_of_quintessentially_british/,Poerflip23
https://www.reddit.com/r/popheads/comments/1p0czh4/the_mixed_success_of_quintessentially_british/,Smaaaasher
https://www.reddit.com/r/popheads/comments/1p0czh4/the_mixed_success_of_quintessentially_british/,DesiignedTheFuture
https://www.reddit.com/r/popheads/comments/1p0czh4/the_mixed_success_of_quintessentially_british/,Smaaaasher
https://www.reddit.com/r/popheads/comments/1p0czh4/the_mixed_success_of_quintessentially_british/,ANALOGPHENOMENA
https://www.reddit.com/r/popheads/comments/1p0czh4/the_mixed_success_of_quintessentially_british/,valtierrezerik05
https://www.reddit.com/r/popheads/comments/1p0czh4/the_mixed_success_of_quintessentially_british/,bageloclock
https://www.reddit.com/r/popheads/comments/1p0czh4/the_mixed_success_of_quintessentially_british/,joshually
https://www.reddit.com/r/popheads/comments/1p0czh4/the_mixed_success_of_quintessentially_british/,DSQ
https://www.reddit.com/r/popheads/comments/1p0czh4/the_mixed_success_of_quintessentially_british/,reluctantmugglewrite
https://www.reddit.com/r/popheads/comments/1p0czh4/the_mixed_success_of_quintessentially_british/,district0080
https://www.reddit.com/r/popheads/comments/1p0czh4/the_mixed_success_of_quintessentially_british/,impossiblefan
https://www.reddit.com/r/popheads/comments/1p0czh4/the_mixed_success_of_quintessentially_british/,WitchyKitteh
https://www.reddit.com/r/popheads/comments/1p0czh4/the_mixed_success_of_quintessentially_british/,Imaginary_Command_87
https://www.reddit.com/r/popheads/comments/1p0czh4/the_mixed_success_of_quintessentially_british/,impossiblefan
https://www.reddit.com/r/popheads/comments/1p0czh4/the_mixed_success_of_quintessentially_british/,PurpleSpaceSurfer
https://www.reddit.com/r/popheads/comments/1p0czh4/the_mixed_success_of_quintessentially_british/,DSQ
https://www.reddit.com/r/popheads/comments/1p0czh4/the_mixed_success_of_quintessentially_british/,KristenR_Chamberlin
https://www.reddit.com/r/popheads/comments/1p0czh4/the_mixed_success_of_quintessentially_british/,DSQ
https://www.reddit.com/r/popheads/comments/1p0czh4/the_mixed_success_of_quintessentially_british/,queensendgame
https://www.reddit.com/r/popheads/comments/1p0czh4/the_mixed_success_of_quintessentially_british/,Hassaan18
https://www.reddit.com/r/popheads/comments/1p0czh4/the_mixed_success_of_quintessentially_british/,ktitten
https://www.reddit.com/r/popheads/comments/1p0czh4/the_mixed_success_of_quintessentially_british/,witchycommunism
https://www.reddit.com/r/popheads/comments/1p0czh4/the_mixed_success_of_quintessentially_british/,Silly_Somewhere1791
https://www.reddit.com/r/popheads/comments/1p0czh4/the_mixed_success_of_quintessentially_british/,EJB515
https://www.reddit.com/r/popheads/comments/1p0czh4/the_mixed_success_of_quintessentially_british/,joshually
https://www.reddit.com/r/popheads/comments/1p0czh4/the_mixed_success_of_quintessentially_british/,Imaginary_Command_87
https://www.reddit.com/r/popheads/comments/1p0czh4/the_mixed_success_of_quintessentially_british/,Competitive_Lie2639
https://www.reddit.com/r/popheads/comments/1p0czh4/the_mixed_success_of_quintessentially_british/,valtierrezerik05
https://www.reddit.com/r/popheads/comments/1p0czh4/the_mixed_success_of_quintessentially_british/,Denethorsmukbang
https://www.reddit.com/r/popheads/comments/1p0czh4/the_mixed_success_of_quintessentially_british/,BrightSignal8032
https://www.reddit.com/r/popheads/comments/1p0czh4/the_mixed_success_of_quintessentially_british/,Brief-Scholar-1078
https://www.reddit.com/r/popheads/comments/1p0czh4/the_mixed_success_of_quintessentially_british/,Srini_
https://www.reddit.com/r/popheads/comments/1p0czh4/the_mixed_success_of_quintessentially_british/,moxieroxsox
https://www.reddit.com/r/popheads/comments/1p0czh4/the_mixed_success_of_quintessentially_british/,Able-Scene6741
https://www.reddit.com/r/popheads/comments/1p0czh4/the_mixed_success_of_quintessentially_british/,ANALOGPHENOMENA
https://www.reddit.com/r/popheads/comments/1p0czh4/the_mixed_success_of_quintessentially_british/,ComeUnitedNotTorn
https://www.reddit.com/r/popheads/comments/1p0czh4/the_mixed_success_of_quintessentially_british/,OnlyYear5412
https://www.reddit.com/r/popheads/comments/1p0czh4/the_mixed_success_of_quintessentially_british/,Guacamole_Water
https://www.reddit.com/r/popheads/comments/1p0izl0/teatime_trending_topics_november_18_2025/,SensitiveGuest1234
https://www.reddit.com/r/popheads/comments/1p0izl0/teatime_trending_topics_november_18_2025/,fiNALLEYfamous
https://www.reddit.com/r/popheads/comments/1p0izl0/teatime_trending_topics_november_18_2025/,SensitiveGuest1234
https://www.reddit.com/r/popheads/comments/1p0izl0/teatime_trending_topics_november_18_2025/,SiphenPrax
https://www.reddit.com/r/popheads/comments/1p0izl0/teatime_trending_topics_november_18_2025/,gonewiththegustofair
https://www.reddit.com/r/popheads/comments/1p0izl0/teatime_trending_topics_november_18_2025/,visionaryredditor
https://www.reddit.com/r/popheads/comments/1p0izl0/teatime_trending_topics_november_18_2025/,lifeislife3
https://www.reddit.com/r/popheads/comments/1p0izl0/teatime_trending_topics_november_18_2025/,backupsaway
https://www.reddit.com/r/popheads/comments/1p0izl0/teatime_trending_topics_november_18_2025/,SiphenPrax
https://www.reddit.com/r/popheads/comments/1p0izl0/teatime_trending_topics_november_18_2025/,outsideeyess
https://www.reddit.com/r/popheads/comments/1p0izl0/teatime_trending_topics_november_18_2025/,shabuluba
https://www.reddit.com/r/popheads/comments/1p0izl0/teatime_trending_topics_november_18_2025/,Frajer
https://www.reddit.com/r/popheads/comments/1p0izl0/teatime_trending_topics_november_18_2025/,poopypoopy1125
https://www.reddit.com/r/popheads/comments/1p0izl0/teatime_trending_topics_november_18_2025/,TiberiusCornelius
https://www.reddit.com/r/popheads/comments/1p0izl0/teatime_trending_topics_november_18_2025/,Alistair3900
https://www.reddit.com/r/popheads/comments/1p0izl0/teatime_trending_topics_november_18_2025/,Flipsyde97
https://www.reddit.com/r/popheads/comments/1p0izl0/teatime_trending_topics_november_18_2025/,nickl00
https://www.reddit.com/r/popheads/comments/1p0izl0/teatime_trending_topics_november_18_2025/,Flipsyde97
https://www.reddit.com/r/popheads/comments/1p0izl0/teatime_trending_topics_november_18_2025/,SiphenPrax
https://www.reddit.com/r/popheads/comments/1p0izl0/teatime_trending_topics_november_18_2025/,backupsaway
https://www.reddit.com/r/popheads/comments/1p0izl0/teatime_trending_topics_november_18_2025/,ChasesICantSend
https://www.reddit.com/r/popheads/comments/1p0izl0/teatime_trending_topics_november_18_2025/,TaylorSwiftkinsReid
https://www.reddit.com/r/popheads/comments/1p0izl0/teatime_trending_topics_november_18_2025/,ReputationOk6126
https://www.reddit.com/r/popheads/comments/1p0izl0/teatime_trending_topics_november_18_2025/,ItsGotThatBang
https://www.reddit.com/r/popheads/comments/1p0izl0/teatime_trending_topics_november_18_2025/,TiberiusCornelius
https://www.reddit.com/r/popheads/comments/1p0izl0/teatime_trending_topics_november_18_2025/,Xelthian
https://www.reddit.com/r/popheads/comments/1oznbac/teatime_trending_topics_november_17_2025/,EJB515
https://www.reddit.com/r/popheads/comments/1oznbac/teatime_trending_topics_november_17_2025/,Rideyourmoni
https://www.reddit.com/r/popheads/comments/1oznbac/teatime_trending_topics_november_17_2025/,deepfriedcertified
https://www.reddit.com/r/popheads/comments/1oznbac/teatime_trending_topics_november_17_2025/,Solid_Primary
https://www.reddit.com/r/popheads/comments/1oznbac/teatime_trending_topics_november_17_2025/,emayzee
https://www.reddit.com/r/popheads/comments/1oznbac/teatime_trending_topics_november_17_2025/,Straight-Meaning
https://www.reddit.com/r/popheads/comments/1oznbac/teatime_trending_topics_november_17_2025/,iamhalsey
https://www.reddit.com/r/popheads/comments/1oznbac/teatime_trending_topics_november_17_2025/,backupsaway
https://www.reddit.com/r/popheads/comments/1oznbac/teatime_trending_topics_november_17_2025/,Champiness
https://www.reddit.com/r/popheads/comments/1oznbac/teatime_trending_topics_november_17_2025/,SiphenPrax
https://www.reddit.com/r/popheads/comments/1oznbac/teatime_trending_topics_november_17_2025/,Puzzled-Charge-9892
https://www.reddit.com/r/popheads/comments/1oznbac/teatime_trending_topics_november_17_2025/,Astrid323
https://www.reddit.com/r/popheads/comments/1oznbac/teatime_trending_topics_november_17_2025/,Solid_Primary
https://www.reddit.com/r/popheads/comments/1oznbac/teatime_trending_topics_november_17_2025/,stillhavehope99
https://www.reddit.com/r/popheads/comments/1oznbac/teatime_trending_topics_november_17_2025/,CoolViber
https://www.reddit.com/r/popheads/comments/1oznbac/teatime_trending_topics_november_17_2025/,valtierrezerik05
https://www.reddit.com/r/popheads/comments/1oznbac/teatime_trending_topics_november_17_2025/,CoolViber
https://www.reddit.com/r/popheads/comments/1oznbac/teatime_trending_topics_november_17_2025/,pork_floss_buns
https://www.reddit.com/r/popheads/comments/1oznbac/teatime_trending_topics_november_17_2025/,SiphenPrax
https://www.reddit.com/r/popheads/comments/1oznbac/teatime_trending_topics_november_17_2025/,yourfacesucksass
https://www.reddit.com/r/popheads/comments/1oznbac/teatime_trending_topics_november_17_2025/,shabuluba
https://www.reddit.com/r/popheads/comments/1oznbac/teatime_trending_topics_november_17_2025/,KLJohnnes
https://www.reddit.com/r/popheads/comments/1oznbac/teatime_trending_topics_november_17_2025/,gattigrat
https://www.reddit.com/r/popheads/comments/1oznbac/teatime_trending_topics_november_17_2025/,2RINITY
https://www.reddit.com/r/popheads/comments/1oznbac/teatime_trending_topics_november_17_2025/,hugh__honey
https://www.reddit.com/r/popheads/comments/1oznbac/teatime_trending_topics_november_17_2025/,ItsGotThatBang
https://www.reddit.com/r/popheads/comments/1oznbac/teatime_trending_topics_november_17_2025/,backupsaway
https://www.reddit.com/r/popheads/comments/1oznbac/teatime_trending_topics_november_17_2025/,Snoo_35242
https://www.reddit.com/r/popheads/comments/1oznbac/teatime_trending_topics_november_17_2025/,dwarfgourami
https://www.reddit.com/r/popheads/comments/1oznbac/teatime_trending_topics_november_17_2025/,Lanky-Fly9054
https://www.reddit.com/r/popheads/comments/1oznbac/teatime_trending_topics_november_17_2025/,bv0198
https://www.reddit.com/r/popheads/comments/1oznbac/teatime_trending_topics_november_17_2025/,Frajer
https://www.reddit.com/r/popheads/comments/1oznbac/teatime_trending_topics_november_17_2025/,TiberiusCornelius
https://www.reddit.com/r/popheads/comments/1oznbac/teatime_trending_topics_november_17_2025/,Solid_Primary
https://www.reddit.com/r/popheads/comments/1oznbac/teatime_trending_topics_november_17_2025/,yourfacesucksass
https://www.reddit.com/r/popheads/comments/1oznbac/teatime_trending_topics_november_17_2025/,SiphenPrax
https://www.reddit.com/r/popheads/comments/1oznbac/teatime_trending_topics_november_17_2025/,FakeMonaLisa28
https://www.reddit.com/r/popheads/comments/1oznbac/teatime_trending_topics_november_17_2025/,stypop
https://www.reddit.com/r/popheads/comments/1oznbac/teatime_trending_topics_november_17_2025/,shipperondeck
https://www.reddit.com/r/popheads/comments/1oznbac/teatime_trending_topics_november_17_2025/,cairomemoir
https://www.reddit.com/r/popheads/comments/1oznbac/teatime_trending_topics_november_17_2025/,luihgi
https://www.reddit.com/r/popheads/comments/1oznbac/teatime_trending_topics_november_17_2025/,cornbreadtogo
https://www.reddit.com/r/popheads/comments/1oznbac/teatime_trending_topics_november_17_2025/,Frajer
https://www.reddit.com/r/popheads/comments/1oznbac/teatime_trending_topics_november_17_2025/,FakeMonaLisa28
https://www.reddit.com/r/popheads/comments/1oznbac/teatime_trending_topics_november_17_2025/,Xelthian
https://www.reddit.com/r/popheads/comments/1oznbac/teatime_trending_topics_november_17_2025/,FakeMonaLisa28
https://www.reddit.com/r/popheads/comments/1oznbac/teatime_trending_topics_november_17_2025/,jugheadshat
https://www.reddit.com/r/popheads/comments/1oysfgu/teatime_trending_topics_november_16_2025/,pretentious_poppadom
https://www.reddit.com/r/popheads/comments/1oysfgu/teatime_trending_topics_november_16_2025/,[deleted]
https://www.reddit.com/r/popheads/comments/1oysfgu/teatime_trending_topics_november_16_2025/,[deleted]
https://www.reddit.com/r/popheads/comments/1oysfgu/teatime_trending_topics_november_16_2025/,backupsaway
https://www.reddit.com/r/popheads/comments/1oysfgu/teatime_trending_topics_november_16_2025/,stypop
https://www.reddit.com/r/popheads/comments/1oysfgu/teatime_trending_topics_november_16_2025/,backupsaway
https://www.reddit.com/r/popheads/comments/1oysfgu/teatime_trending_topics_november_16_2025/,Frajer
https://www.reddit.com/r/popheads/comments/1oysfgu/teatime_trending_topics_november_16_2025/,SiphenPrax
https://www.reddit.com/r/popheads/comments/1oysfgu/teatime_trending_topics_november_16_2025/,ItsGotThatBang
https://www.reddit.com/r/popheads/comments/1oysfgu/teatime_trending_topics_november_16_2025/,carolinemathildes
https://www.reddit.com/r/popheads/comments/1oysfgu/teatime_trending_topics_november_16_2025/,backupsaway
https://www.reddit.com/r/popheads/comments/1oysfgu/teatime_trending_topics_november_16_2025/,visionaryredditor
https://www.reddit.com/r/popheads/comments/1oysfgu/teatime_trending_topics_november_16_2025/,realityleave
https://www.reddit.com/r/popheads/comments/1oysfgu/teatime_trending_topics_november_16_2025/,SiphenPrax
https://www.reddit.com/r/popheads/comments/1oysfgu/teatime_trending_topics_november_16_2025/,drawing5blanks
https://www.reddit.com/r/popheads/comments/1oysfgu/teatime_trending_topics_november_16_2025/,SiphenPrax
https://www.reddit.com/r/popheads/comments/1oysfgu/teatime_trending_topics_november_16_2025/,MrSwearword
https://www.reddit.com/r/popheads/comments/1oysfgu/teatime_trending_topics_november_16_2025/,SiphenPrax
https://www.reddit.com/r/popheads/comments/1oysfgu/teatime_trending_topics_november_16_2025/,christopher_aia
https://www.reddit.com/r/popheads/comments/1oysfgu/teatime_trending_topics_november_16_2025/,SiphenPrax
https://www.reddit.com/r/popheads/comments/1oysfgu/teatime_trending_topics_november_16_2025/,Soalai
https://www.reddit.com/r/popheads/comments/1oysfgu/teatime_trending_topics_november_16_2025/,SiphenPrax
https://www.reddit.com/r/popheads/comments/1oypmgj/your_rpopheads_fresh_recap_for_the_week_of/,AutoModerator
https://www.reddit.com/r/popheads/comments/1oypmgj/your_rpopheads_fresh_recap_for_the_week_of/,subredditsummarybot
https://www.reddit.com/r/popheads/comments/1oxycb1/teatime_trending_topics_november_15_2025/,SensitiveGuest1234
https://www.reddit.com/r/popheads/comments/1oxycb1/teatime_trending_topics_november_15_2025/,backupsaway
https://www.reddit.com/r/popheads/comments/1oxycb1/teatime_trending_topics_november_15_2025/,racloves
https://www.reddit.com/r/popheads/comments/1oxycb1/teatime_trending_topics_november_15_2025/,GigglesNWiggles10
https://www.reddit.com/r/popheads/comments/1oxycb1/teatime_trending_topics_november_15_2025/,cranberrylimeade420
https://www.reddit.com/r/popheads/comments/1oxycb1/teatime_trending_topics_november_15_2025/,Fxreverboy
https://www.reddit.com/r/popheads/comments/1oxycb1/teatime_trending_topics_november_15_2025/,visionaryredditor
https://www.reddit.com/r/popheads/comments/1oxycb1/teatime_trending_topics_november_15_2025/,Xelthian
https://www.reddit.com/r/popheads/comments/1oxycb1/teatime_trending_topics_november_15_2025/,ItsGotThatBang
https://www.reddit.com/r/popheads/comments/1oxycb1/teatime_trending_topics_november_15_2025/,Fxreverboy
https://www.reddit.com/r/popheads/comments/1oxycb1/teatime_trending_topics_november_15_2025/,nickl00
https://www.reddit.com/r/popheads/comments/1oxycb1/teatime_trending_topics_november_15_2025/,SiphenPrax
https://www.reddit.com/r/popheads/comments/1oxycb1/teatime_trending_topics_november_15_2025/,CricketSimilar863
https://www.reddit.com/r/popheads/comments/1oxycb1/teatime_trending_topics_november_15_2025/,Xelthian
https://www.reddit.com/r/popheads/comments/1oxycb1/teatime_trending_topics_november_15_2025/,Audreythe2nd
https://www.reddit.com/r/popheads/comments/1oxycb1/teatime_trending_topics_november_15_2025/,songacronymbot
https://www.reddit.com/r/popheads/comments/1oxycb1/teatime_trending_topics_november_15_2025/,Fragrant_Sort_8245
https://www.reddit.com/r/popheads/comments/1oxycb1/teatime_trending_topics_november_15_2025/,SiphenPrax
https://www.reddit.com/r/popheads/comments/1oxycb1/teatime_trending_topics_november_15_2025/,Frajer
https://www.reddit.com/r/popheads/comments/1oxycb1/teatime_trending_topics_november_15_2025/,Key_Town
https://www.reddit.com/r/popheads/comments/1oxycb1/teatime_trending_topics_november_15_2025/,Agitated-Prune9635
https://www.reddit.com/r/popheads/comments/1oxycb1/teatime_trending_topics_november_15_2025/,Key_Town
https://www.reddit.com/r/popheads/comments/1oxycb1/teatime_trending_topics_november_15_2025/,SiphenPrax
https://www.reddit.com/r/popheads/comments/1oxycb1/teatime_trending_topics_november_15_2025/,ItsGotThatBang
https://www.reddit.com/r/popheads/comments/1oxycb1/teatime_trending_topics_november_15_2025/,pianotat
https://www.reddit.com/r/popheads/comments/1oxycb1/teatime_trending_topics_november_15_2025/,1998tweety
https://www.reddit.com/r/popheads/comments/1oxycb1/teatime_trending_topics_november_15_2025/,VicCoca123
https://www.reddit.com/r/popheads/comments/1oxycb1/teatime_trending_topics_november_15_2025/,Fxreverboy
https://www.reddit.com/r/popheads/comments/1oxycb1/teatime_trending_topics_november_15_2025/,drunkinlike
https://www.reddit.com/r/popheads/comments/1oxycb1/teatime_trending_topics_november_15_2025/,YourDadThinksImCool_
https://www.reddit.com/r/popheads/comments/1oxycb1/teatime_trending_topics_november_15_2025/,droobidoobidoo
https://www.reddit.com/r/popheads/comments/1ox4ir7/how_can_artists_who_blow_up_very_quickly_be/,AutoModerator
https://www.reddit.com/r/popheads/comments/1ox4ir7/how_can_artists_who_blow_up_very_quickly_be/,pileofdeadninjas
https://www.reddit.com/r/popheads/comments/1ox4ir7/how_can_artists_who_blow_up_very_quickly_be/,blankspacejrr
https://www.reddit.com/r/popheads/comments/1ox4ir7/how_can_artists_who_blow_up_very_quickly_be/,Resident_Ad5153
https://www.reddit.com/r/popheads/comments/1ox4ir7/how_can_artists_who_blow_up_very_quickly_be/,duochromepalmtree
https://www.reddit.com/r/popheads/comments/1ox4ir7/how_can_artists_who_blow_up_very_quickly_be/,pianotat
https://www.reddit.com/r/popheads/comments/1ox4ir7/how_can_artists_who_blow_up_very_quickly_be/,worstkindagay
https://www.reddit.com/r/popheads/comments/1ox4ir7/how_can_artists_who_blow_up_very_quickly_be/,Hassaan18
https://www.reddit.com/r/popheads/comments/1ox4ir7/how_can_artists_who_blow_up_very_quickly_be/,Kelbotay
https://www.reddit.com/r/popheads/comments/1ox4ir7/how_can_artists_who_blow_up_very_quickly_be/,Hassaan18
https://www.reddit.com/r/popheads/comments/1ox4ir7/how_can_artists_who_blow_up_very_quickly_be/,CoolViber
https://www.reddit.com/r/popheads/comments/1ox4ir7/how_can_artists_who_blow_up_very_quickly_be/,Silly_Somewhere1791
https://www.reddit.com/r/popheads/comments/1ox4ir7/how_can_artists_who_blow_up_very_quickly_be/,Ruinwyn
https://www.reddit.com/r/popheads/comments/1ox4ir7/how_can_artists_who_blow_up_very_quickly_be/,Hassaan18
https://www.reddit.com/r/popheads/comments/1ox4ir7/how_can_artists_who_blow_up_very_quickly_be/,Ruinwyn
https://www.reddit.com/r/popheads/comments/1ox4ir7/how_can_artists_who_blow_up_very_quickly_be/,taichi425
https://www.reddit.com/r/popheads/comments/1ox4ir7/how_can_artists_who_blow_up_very_quickly_be/,Morg075
https://www.reddit.com/r/popheads/comments/1ox4ir7/how_can_artists_who_blow_up_very_quickly_be/,carlton_sings
https://www.reddit.com/r/popheads/comments/1ox4ir7/how_can_artists_who_blow_up_very_quickly_be/,Savings-Cup2972
https://www.reddit.com/r/popheads/comments/1ox4ir7/how_can_artists_who_blow_up_very_quickly_be/,Hassaan18
https://www.reddit.com/r/popheads/comments/1ox4ir7/how_can_artists_who_blow_up_very_quickly_be/,youtbuddcody
https://www.reddit.com/r/popheads/comments/1ox4ir7/how_can_artists_who_blow_up_very_quickly_be/,Morg075
https://www.reddit.com/r/popheads/comments/1ox4ir7/how_can_artists_who_blow_up_very_quickly_be/,Frajer
https://www.reddit.com/r/popheads/comments/1ox4ir7/how_can_artists_who_blow_up_very_quickly_be/,ADoseofBuckley
https://www.reddit.com/r/popheads/comments/1ox4ir7/how_can_artists_who_blow_up_very_quickly_be/,naarwhal
https://www.reddit.com/r/popheads/comments/1ox3o9c/teatime_trending_topics_november_14_2025/,2RINITY
https://www.reddit.com/r/popheads/comments/1ox3o9c/teatime_trending_topics_november_14_2025/,jackassgap
https://www.reddit.com/r/popheads/comments/1ox3o9c/teatime_trending_topics_november_14_2025/,fiNALLEYfamous
https://www.reddit.com/r/popheads/comments/1ox3o9c/teatime_trending_topics_november_14_2025/,backupsaway
https://www.reddit.com/r/popheads/comments/1ox3o9c/teatime_trending_topics_november_14_2025/,visionaryredditor
https://www.reddit.com/r/popheads/comments/1ox3o9c/teatime_trending_topics_november_14_2025/,Illogical_Blox
https://www.reddit.com/r/popheads/comments/1ox3o9c/teatime_trending_topics_november_14_2025/,Professional_Tip130
https://www.reddit.com/r/popheads/comments/1ox3o9c/teatime_trending_topics_november_14_2025/,bespectacIed
https://www.reddit.com/r/popheads/comments/1ox3o9c/teatime_trending_topics_november_14_2025/,DilemmaOfAHedgehog
https://www.reddit.com/r/popheads/comments/1ox3o9c/teatime_trending_topics_november_14_2025/,PinkCadillacs
https://www.reddit.com/r/popheads/comments/1ox3o9c/teatime_trending_topics_november_14_2025/,FakeMonaLisa28
https://www.reddit.com/r/popheads/comments/1ox3o9c/teatime_trending_topics_november_14_2025/,Astrid323
https://www.reddit.com/r/popheads/comments/1ox3o9c/teatime_trending_topics_november_14_2025/,mercuryomnificent
https://www.reddit.com/r/popheads/comments/1ox3o9c/teatime_trending_topics_november_14_2025/,dhruvlrao
https://www.reddit.com/r/popheads/comments/1ox3o9c/teatime_trending_topics_november_14_2025/,Frajer
https://www.reddit.com/r/popheads/comments/1ox3o9c/teatime_trending_topics_november_14_2025/,backupsaway
https://www.reddit.com/r/popheads/comments/1ox3o9c/teatime_trending_topics_november_14_2025/,Aggressive_Sky8492
https://www.reddit.com/r/popheads/comments/1ox3o9c/teatime_trending_topics_november_14_2025/,Weird_Squirrel_8382
https://www.reddit.com/r/popheads/comments/1ox3o9c/teatime_trending_topics_november_14_2025/,Khaytra
https://www.reddit.com/r/popheads/comments/1ox3o9c/teatime_trending_topics_november_14_2025/,AmyXBlue
https://www.reddit.com/r/popheads/comments/1ox3o9c/teatime_trending_topics_november_14_2025/,shookney
https://www.reddit.com/r/popheads/comments/1ox3o9c/teatime_trending_topics_november_14_2025/,Weird_Squirrel_8382
https://www.reddit.com/r/popheads/comments/1ox3o9c/teatime_trending_topics_november_14_2025/,cloudbustingmp3
https://www.reddit.com/r/popheads/comments/1ox3o9c/teatime_trending_topics_november_14_2025/,SiphenPrax
https://www.reddit.com/r/popheads/comments/1ox3o9c/teatime_trending_topics_november_14_2025/,Fxreverboy
https://www.reddit.com/r/popheads/comments/1ox3o9c/teatime_trending_topics_november_14_2025/,DilemmaOfAHedgehog
https://www.reddit.com/r/popheads/comments/1ox3o9c/teatime_trending_topics_november_14_2025/,holyflurkingsnit
https://www.reddit.com/r/popheads/comments/1ox3o9c/teatime_trending_topics_november_14_2025/,backupsaway
https://www.reddit.com/r/popheads/comments/1ox3o9c/teatime_trending_topics_november_14_2025/,stypop
https://www.reddit.com/r/popheads/comments/1ox3o9c/teatime_trending_topics_november_14_2025/,SiphenPrax
https://www.reddit.com/r/popheads/comments/1ox3o9c/teatime_trending_topics_november_14_2025/,HermionesBook
https://www.reddit.com/r/popheads/comments/1ox3o9c/teatime_trending_topics_november_14_2025/,Rdickins1
https://www.reddit.com/r/popheads/comments/1ox3o9c/teatime_trending_topics_november_14_2025/,kimpernickel
https://www.reddit.com/r/popheads/comments/1ox3o9c/teatime_trending_topics_november_14_2025/,Lilacly_Adily
https://www.reddit.com/r/popheads/comments/1ox3o9c/teatime_trending_topics_november_14_2025/,Roxieloxie
https://www.reddit.com/r/popheads/comments/1ox3o9c/teatime_trending_topics_november_14_2025/,Lilacly_Adily
https://www.reddit.com/r/popheads/comments/1ox3o9c/teatime_trending_topics_november_14_2025/,Frajer
https://www.reddit.com/r/popheads/comments/1ox3o9c/teatime_trending_topics_november_14_2025/,cranberrylimeade420
https://www.reddit.com/r/popheads/comments/1ox3o9c/teatime_trending_topics_november_14_2025/,Ghost-Quartet
https://www.reddit.com/r/popheads/comments/1ox3o9c/teatime_trending_topics_november_14_2025/,ItsGotThatBang
https://www.reddit.com/r/popheads/comments/1ox3o9c/teatime_trending_topics_november_14_2025/,Weird_Squirrel_8382
https://www.reddit.com/r/popheads/comments/1owvwbz/jae_stephens_discusses_new_mixtape_main_pop_girls/,creativecrybaby
https://www.reddit.com/r/popheads/comments/1owvwbz/jae_stephens_discusses_new_mixtape_main_pop_girls/,hiiiiiiee
https://www.reddit.com/r/hiphopheads/comments/1p19eor/max_bs_new_project_public_domain_7_the_first/,Micronlance
https://www.reddit.com/r/hiphopheads/comments/1p19eor/max_bs_new_project_public_domain_7_the_first/,RaN96
https://www.reddit.com/r/hiphopheads/comments/1p19eor/max_bs_new_project_public_domain_7_the_first/,MysticalNinja187
https://www.reddit.com/r/hiphopheads/comments/1p19eor/max_bs_new_project_public_domain_7_the_first/,flyestshit
https://www.reddit.com/r/hiphopheads/comments/1p19eor/max_bs_new_project_public_domain_7_the_first/,Da_hairyguy
https://www.reddit.com/r/hiphopheads/comments/1p19eor/max_bs_new_project_public_domain_7_the_first/,sacktheory
https://www.reddit.com/r/hiphopheads/comments/1p19eor/max_bs_new_project_public_domain_7_the_first/,KuntaWuKnicks
https://www.reddit.com/r/hiphopheads/comments/1p19eor/max_bs_new_project_public_domain_7_the_first/,Long-Dig-3819
https://www.reddit.com/r/hiphopheads/comments/1p19eor/max_bs_new_project_public_domain_7_the_first/,KuntaWuKnicks
https://www.reddit.com/r/hiphopheads/comments/1p19eor/max_bs_new_project_public_domain_7_the_first/,FredVasseur
https://www.reddit.com/r/hiphopheads/comments/1p19eor/max_bs_new_project_public_domain_7_the_first/,bananarama77777
https://www.reddit.com/r/hiphopheads/comments/1p19eor/max_bs_new_project_public_domain_7_the_first/,basedgod1995
https://www.reddit.com/r/hiphopheads/comments/1p19eor/max_bs_new_project_public_domain_7_the_first/,Vextos
https://www.reddit.com/r/hiphopheads/comments/1p19eor/max_bs_new_project_public_domain_7_the_first/,Timely-Article-1062
https://www.reddit.com/r/hiphopheads/comments/1p19eor/max_bs_new_project_public_domain_7_the_first/,andes95
https://www.reddit.com/r/hiphopheads/comments/1ozo1vk/pink_siifu_announces_new_album_onyx_releasing_on/,beta-test
https://www.reddit.com/r/hiphopheads/comments/1ozo1vk/pink_siifu_announces_new_album_onyx_releasing_on/,Dylan245
https://www.reddit.com/r/hiphopheads/comments/1ozo1vk/pink_siifu_announces_new_album_onyx_releasing_on/,_4za_
https://www.reddit.com/r/hiphopheads/comments/1ozo1vk/pink_siifu_announces_new_album_onyx_releasing_on/,Turbulent-Dependent4
https://www.reddit.com/r/hiphopheads/comments/1ozo1vk/pink_siifu_announces_new_album_onyx_releasing_on/,Seen_Platano
https://www.reddit.com/r/hiphopheads/comments/1ozo1vk/pink_siifu_announces_new_album_onyx_releasing_on/,Arfuuur
https://www.reddit.com/r/hiphopheads/comments/1ozo1vk/pink_siifu_announces_new_album_onyx_releasing_on/,WirelessElk
https://www.reddit.com/r/hiphopheads/comments/1ozo1vk/pink_siifu_announces_new_album_onyx_releasing_on/,True-Protection-8451
https://www.reddit.com/r/hiphopheads/comments/1ozo1vk/pink_siifu_announces_new_album_onyx_releasing_on/,Pumpkinmatrix
https://www.reddit.com/r/hiphopheads/comments/1ozo1vk/pink_siifu_announces_new_album_onyx_releasing_on/,I_am_so_lost_hello
https://www.reddit.com/r/hiphopheads/comments/1ozo1vk/pink_siifu_announces_new_album_onyx_releasing_on/,Pumpkinmatrix
https://www.reddit.com/r/hiphopheads/comments/1ozo1vk/pink_siifu_announces_new_album_onyx_releasing_on/,I_am_so_lost_hello
https://www.reddit.com/r/hiphopheads/comments/1ozo1vk/pink_siifu_announces_new_album_onyx_releasing_on/,MexicanMouthwash
https://www.reddit.com/r/hiphopheads/comments/1ozo1vk/pink_siifu_announces_new_album_onyx_releasing_on/,Arfuuur
https://www.reddit.com/r/hiphopheads/comments/1oypesv/fresh_absoul_rapsody_joey_bada_nugeela/,ArcherInPosition
https://www.reddit.com/r/hiphopheads/comments/1oypesv/fresh_absoul_rapsody_joey_bada_nugeela/,ridingonmirrors
https://www.reddit.com/r/hiphopheads/comments/1oypesv/fresh_absoul_rapsody_joey_bada_nugeela/,Substantial_Steak928
https://www.reddit.com/r/hiphopheads/comments/1oypesv/fresh_absoul_rapsody_joey_bada_nugeela/,fahim64
https://www.reddit.com/r/hiphopheads/comments/1oypesv/fresh_absoul_rapsody_joey_bada_nugeela/,Substantial_Steak928
https://www.reddit.com/r/hiphopheads/comments/1oypesv/fresh_absoul_rapsody_joey_bada_nugeela/,[deleted]
https://www.reddit.com/r/hiphopheads/comments/1oypesv/fresh_absoul_rapsody_joey_bada_nugeela/,owis
https://www.reddit.com/r/hiphopheads/comments/1oypesv/fresh_absoul_rapsody_joey_bada_nugeela/,BiggieSmallz12345
https://www.reddit.com/r/hiphopheads/comments/1oypesv/fresh_absoul_rapsody_joey_bada_nugeela/,CGB_Zach
https://www.reddit.com/r/hiphopheads/comments/1oypesv/fresh_absoul_rapsody_joey_bada_nugeela/,TheLemonyOrange
https://www.reddit.com/r/hiphopheads/comments/1oypesv/fresh_absoul_rapsody_joey_bada_nugeela/,ridingonmirrors
https://www.reddit.com/r/hiphopheads/comments/1oypesv/fresh_absoul_rapsody_joey_bada_nugeela/,AJ47-
https://www.reddit.com/r/hiphopheads/comments/1oypesv/fresh_absoul_rapsody_joey_bada_nugeela/,grizzsaw12
https://www.reddit.com/r/hiphopheads/comments/1oypesv/fresh_absoul_rapsody_joey_bada_nugeela/,AChuckleFuck
https://www.reddit.com/r/hiphopheads/comments/1oypesv/fresh_absoul_rapsody_joey_bada_nugeela/,Hu3yKnewTHen
https://www.reddit.com/r/hiphopheads/comments/1oypesv/fresh_absoul_rapsody_joey_bada_nugeela/,mankee81
https://www.reddit.com/r/hiphopheads/comments/1oypesv/fresh_absoul_rapsody_joey_bada_nugeela/,DatChickKim
https://www.reddit.com/r/hiphopheads/comments/1oypesv/fresh_absoul_rapsody_joey_bada_nugeela/,AJ47-
https://www.reddit.com/r/hiphopheads/comments/1oypesv/fresh_absoul_rapsody_joey_bada_nugeela/,friedseabasschips
https://www.reddit.com/r/hiphopheads/comments/1oypesv/fresh_absoul_rapsody_joey_bada_nugeela/,ModernAlchemist95
https://www.reddit.com/r/hiphopheads/comments/1oypesv/fresh_absoul_rapsody_joey_bada_nugeela/,DatChickKim
https://www.reddit.com/r/hiphopheads/comments/1oypesv/fresh_absoul_rapsody_joey_bada_nugeela/,CurLyy
https://www.reddit.com/r/hiphopheads/comments/1oypesv/fresh_absoul_rapsody_joey_bada_nugeela/,MajorTankz
https://www.reddit.com/r/hiphopheads/comments/1oypesv/fresh_absoul_rapsody_joey_bada_nugeela/,877-HASH-NOW
